{
  "src\\main\\java\\vrp\\AcoEngine.java": 1776525876.4944296,
  "src\\main\\java\\vrp\\AcoWithBloomFilter.java": 1776375644.5972347,
  "src\\main\\java\\vrp\\AcoWithLocalSearch.java": 1776369999.9747517,
  "src\\main\\java\\vrp\\BenchmarkRunner.java": 1776525960.8576388,
  "src\\main\\java\\vrp\\BloomFilter.java": 1776375650.2168975,
  "src\\main\\java\\vrp\\EdgeKey.java": 1776373949.847736,
  "src\\main\\java\\vrp\\Hashable.java": 1776369936.5790913,
  "src\\main\\java\\vrp\\LoadContextKey.java": 1776375621.3858507,
  "src\\main\\java\\vrp\\LocalSearch.java": 1776525932.7216887,
  "src\\main\\java\\vrp\\MmasEngine.java": 1776525972.2525363,
  "src\\main\\java\\vrp\\MmasWithBloomFilter.java": 1776525925.6626263,
  "src\\main\\java\\vrp\\Node.java": 1776369913.5342195,
  "src\\main\\java\\vrp\\PathKey.java": 1776370405.8156087,
  "src\\main\\java\\vrp\\RandomVrpGenerator.java": 1776369925.6095355,
  "src\\main\\java\\vrp\\VisitKey.java": 1776374694.1834373,
  "src\\main\\java\\vrp\\VrpProblem.java": 1776369920.096661,
  "src\\main\\java\\vrp\\VrpSolution.java": 1776369931.8543518,
  "CLAUDE.md": 1776532434.1891017,
  "papers\\01_ant_system_dorigo_1996.md": 1776526856.5504272,
  "papers\\02_mmas_stutzle_hoos_2000.md": 1776526882.655979,
  "papers\\04_tabu_search_glover_1989.md": 1776526909.3315928,
  "papers\\05_bloom_filter_bloom_1970.md": 1776526925.4876187,
  "papers\\baco_encrypted_db_bloom_2018.md": 1776532150.3670197,
  "papers\\iaps_p2p_aco_bloom_2014.md": 1776532149.82838,
  "papers\\README.md": 1776526973.5448952,
  "papers\\utfaco_dos_qos_2016.md": 1776532148.593868,
  "papers\\03_two_opt_lin_1965.md": 1776526894.1651044,
  "papers\\06_aco_vrp_related.md": 1776526952.2644677,
  "papers\\bloom1970_bloom_filter.pdf": 1776527877.2546527,
  "papers\\bloom_filter_spam_detection_2006.pdf": 1776530163.772388,
  "papers\\broder2004_bloom_filter_network_survey.pdf": 1776529502.4068835,
  "papers\\broder2005_bloom_filter_network_apps.pdf": 1776530212.1920817,
  "papers\\deri_high_speed_packet_filtering_bloom.pdf": 1776530210.783648,
  "papers\\dorigo1996_ant_system.pdf": 1776527188.158242,
  "papers\\geravand2013_bloom_filter_network_security.pdf": 1776529504.7486956,
  "papers\\glover_tabu_search_fundamentals.pdf": 1776527427.6098812,
  "papers\\glover_tabu_search_tutorial.pdf": 1776527915.21999,
  "papers\\lin1965_two_opt_tsp.pdf": 1776527880.2642875,
  "papers\\maccari2007_mesh_firewall_bloom_filter.pdf": 1776530208.7398763,
  "papers\\stutzle2000_mmas.pdf": 1776528188.467
}